{50F18103-65BE-9FD5-E050-A8C063054923},125000,2017-04-06 00:00,BD23 2BE,F,N,L,BURNSIDE HOUSE,APARTMENT 22,CARLETON ROAD,,SKIPTON,CRAVEN,NORTH YORKSHIRE,A,A
{50F18103-65BF-9FD5-E050-A8C063054923},195000,2017-04-11 00:00,YO8 9GN,S,N,F,5,,ST MARYS COURT,HAMBLETON,SELBY,SELBY,NORTH YORKSHIRE,A,A
{50F18103-65C0-9FD5-E050-A8C063054923},275000,2017-05-05 00:00,DL8 4BD,D,N,F,LYNDHURST,,,CARLTON,LEYBURN,RICHMONDSHIRE,NORTH YORKSHIRE,A,A
{50F18103-65C1-9FD5-E050-A8C063054923},715000,2017-04-28 00:00,HG5 9HA,D,N,F,GATESHILL MANOR,,RIPLEY ROAD,,KNARESBOROUGH,HARROGATE,NORTH YORKSHIRE,A,A
{50F18103-65C2-9FD5-E050-A8C063054923},167500,2017-04-03 00:00,YO12 6TW,S,N,F,39,,HIRSTEAD ROAD,,SCARBOROUGH,SCARBOROUGH,NORTH YORKSHIRE,A,A
{50F18103-65C4-9FD5-E050-A8C063054923},300000,2017-05-22 00:00,YO18 8QA,D,N,F,CORNER COTTAGE,,,NEWTON ON RAWCLIFFE,PICKERING,RYEDALE,NORTH YORKSHIRE,A,A
{50F18103-65C5-9FD5-E050-A8C063054923},304000,2017-05-12 00:00,YO10 4HN,S,N,F,73,,HESLINGTON LANE,,YORK,YORK,YORK,A,A
{50F18103-65C6-9FD5-E050-A8C063054923},782000,2017-05-19 00:00,YO30 7DZ,D,N,F,THE OLD STABLES,,GALMANHOE LANE,,YORK,YORK,YORK,A,A
{50F18103-65C7-9FD5-E050-A8C063054923},315000,2017-04-28 00:00,BD23 6QN,D,N,F,24,,BRACKENLEY DRIVE,EMBSAY,SKIPTON,CRAVEN,NORTH YORKSHIRE,A,A
{50F18103-65C8-9FD5-E050-A8C063054923},250000,2017-04-20 00:00,YO13 0PY,T,N,F,19,,THE PARK,SCALBY,SCARBOROUGH,SCARBOROUGH,NORTH YORKSHIRE,A,A
{50F18103-65C9-9FD5-E050-A8C063054923},595000,2017-04-19 00:00,YO13 0QR,D,N,F,THE OLD NURSERIES,3,SOUTH STREET,SCALBY,SCARBOROUGH,SCARBOROUGH,NORTH YORKSHIRE,A,A
{55BDCAE5-88A5-521D-E053-6B04A8C0DD7A},330000,2017-07-18 00:00,HA8 0EH,F,N,L,"CLARINET COURT, 19",FLAT 27,SYMPHONY CLOSE,,EDGWARE,BARNET,GREATER LONDON,A,A
{55BDCAE5-88A6-521D-E053-6B04A8C0DD7A},400000,2017-07-14 00:00,N8 7QF,F,N,L,BLAKE APARTMENTS,48,NEW RIVER AVENUE,,LONDON,HARINGEY,GREATER LONDON,A,A
{55BDCAE5-88A7-521D-E053-6B04A8C0DD7A},445000,2017-07-07 00:00,TW3 4LF,S,N,F,114,,SUTTON LANE,,HOUNSLOW,HOUNSLOW,GREATER LONDON,A,A
{50F18103-7300-9FD5-E050-A8C063054923},365000,2017-03-24 00:00,BR1 4DG,T,N,F,51,,FOXBURY ROAD,,BROMLEY,BROMLEY,GREATER LONDON,A,A
{50F18103-7301-9FD5-E050-A8C063054923},636000,2017-05-19 00:00,SE4 1AS,T,N,F,5,,SALEHURST ROAD,CROFTON PARK,LONDON,LEWISHAM,GREATER LONDON,A,A
{50F18103-7302-9FD5-E050-A8C063054923},630000,2017-04-28 00:00,DA15 9HQ,S,N,F,82,,WELLINGTON AVENUE,,SIDCUP,BEXLEY,GREATER LONDON,A,A
{55BDCAE5-88A8-521D-E053-6B04A8C0DD7A},355000,2017-06-20 00:00,TW8 0BZ,F,N,L,2,APARTMENT 2,TOWN MEADOW,,BRENTFORD,HOUNSLOW,GREATER LONDON,A,A
{50F18103-7304-9FD5-E050-A8C063054923},360000,2017-04-13 00:00,CR7 8HA,T,N,F,170,,PARCHMORE ROAD,,THORNTON HEATH,CROYDON,GREATER LONDON,A,A
{50F18103-7305-9FD5-E050-A8C063054923},393500,2017-05-05 00:00,KT9 2PJ,T,N,F,13,,MANSFIELD ROAD,,CHESSINGTON,KINGSTON UPON THAMES,GREATER LONDON,A,A
{50F18103-7306-9FD5-E050-A8C063054923},775000,2017-05-12 00:00,BR3 4JG,S,N,F,71,,CEDARS ROAD,,BECKENHAM,BROMLEY,GREATER LONDON,A,A
{50F18103-7307-9FD5-E050-A8C063054923},750000,2017-05-19 00:00,KT3 3HR,T,N,F,17,,BEECH GROVE,,NEW MALDEN,KINGSTON UPON THAMES,GREATER LONDON,A,A
{50F18103-7308-9FD5-E050-A8C063054923},355000,2017-05-19 00:00,TN16 3UG,T,N,F,34,,RUSHDENE WALK,BIGGIN HILL,WESTERHAM,BROMLEY,GREATER LONDON,A,A
{50F18103-7309-9FD5-E050-A8C063054923},625000,2017-04-27 00:00,TW2 7NH,S,N,F,13,,CRANE WAY,,TWICKENHAM,RICHMOND UPON THAMES,GREATER LONDON,A,A
{50F18103-730A-9FD5-E050-A8C063054923},1265000,2017-04-21 00:00,BR7 6NN,D,N,F,2,,THE SHAW,,CHISLEHURST,BROMLEY,GREATER LONDON,A,A
{50F18103-730B-9FD5-E050-A8C063054923},335000,2017-05-08 00:00,KT6 6SJ,F,N,L,NAPIER COURT,9,LOVELACE GARDENS,,SURBITON,KINGSTON UPON THAMES,GREATER LONDON,A,A
{50F18103-730C-9FD5-E050-A8C063054923},290000,2017-04-12 00:00,SE18 7HL,T,N,F,190,,CONGLETON GROVE,,LONDON,GREENWICH,GREATER LONDON,A,A
{50F18103-730D-9FD5-E050-A8C063054923},1335000,2017-04-28 00:00,TW11 8DJ,S,N,F,108,,CAMBRIDGE ROAD,,TEDDINGTON,RICHMOND UPON THAMES,GREATER LONDON,A,A
{50F18103-730E-9FD5-E050-A8C063054923},570000,2017-04-28 00:00,SM3 8ES,S,N,F,25,,KENLEY WALK,CHEAM,SUTTON,SUTTON,GREATER LONDON,A,A
{50F18103-730F-9FD5-E050-A8C063054923},650000,2017-05-05 00:00,SE26 5DG,T,N,F,56,,TANNSFELD ROAD,,LONDON,LEWISHAM,GREATER LONDON,A,A
{50F18103-7310-9FD5-E050-A8C063054923},500000,2017-04-21 00:00,SE6 1RG,T,N,F,161,,TORRIDON ROAD,,LONDON,LEWISHAM,GREATER LONDON,A,A
{50F18103-7311-9FD5-E050-A8C063054923},220000,2017-05-18 00:00,CR0 6AP,F,N,L,WALCOT COURT,3,ASHBURTON ROAD,,CROYDON,CROYDON,GREATER LONDON,A,A
{50F18103-7312-9FD5-E050-A8C063054923},1280000,2017-05-12 00:00,SE13 5RH,S,N,F,114,,MANOR PARK,,LONDON,LEWISHAM,GREATER LONDON,A,A
{50F18103-7313-9FD5-E050-A8C063054923},648000,2017-04-18 00:00,SM5 3HD,S,N,F,30,,SALISBURY ROAD,,CARSHALTON,SUTTON,GREATER LONDON,A,A
{50F18103-7314-9FD5-E050-A8C063054923},800000,2017-03-31 00:00,BR2 0EL,D,N,F,16,,RAVENS CLOSE,,BROMLEY,BROMLEY,GREATER LONDON,A,A
{50F18103-7315-9FD5-E050-A8C063054923},1795000,2017-03-31 00:00,SW13 0PG,T,N,F,8,,CAMBRIDGE ROAD,,LONDON,RICHMOND UPON THAMES,GREATER LONDON,A,A
{50F18103-7316-9FD5-E050-A8C063054923},425000,2017-05-03 00:00,SE12 9PU,T,N,F,313,,MARVELS LANE,,LONDON,LEWISHAM,GREATER LONDON,A,A
{50F18103-7317-9FD5-E050-A8C063054923},395000,2017-04-06 00:00,DA16 1DJ,S,N,F,20,,PLYMSTOCK ROAD,,WELLING,BEXLEY,GREATER LONDON,A,A
{50F18103-7318-9FD5-E050-A8C063054923},347000,2017-01-20 00:00,CR0 9LD,T,N,F,70,,HARTSCROFT,,CROYDON,CROYDON,GREATER LONDON,A,A
{50F18103-7319-9FD5-E050-A8C063054923},310000,2017-05-22 00:00,SE4 1DZ,T,N,F,89,,BROCKLEY GROVE,,LONDON,LEWISHAM,GREATER LONDON,A,A
{50F18103-731A-9FD5-E050-A8C063054923},254000,2017-04-28 00:00,DA8 2AQ,T,N,F,135,,MANOR ROAD,,ERITH,BEXLEY,GREATER LONDON,B,A
{50F18103-731B-9FD5-E050-A8C063054923},647606,2017-04-07 00:00,SE7 8ER,T,N,F,106,,HEATHWOOD GARDENS,,LONDON,GREENWICH,GREATER LONDON,A,A
{50F18103-731C-9FD5-E050-A8C063054923},567500,2017-04-28 00:00,TW10 7QW,T,N,F,91,,WOODVILLE ROAD,,RICHMOND,RICHMOND UPON THAMES,GREATER LONDON,A,A
{50F18103-731D-9FD5-E050-A8C063054923},547000,2017-04-21 00:00,SE21 8BX,T,N,F,7,,CHALFORD ROAD,,LONDON,LAMBETH,GREATER LONDON,A,A
{50F18103-731E-9FD5-E050-A8C063054923},260000,2017-03-30 00:00,DA8 1DZ,T,N,F,270,,BROOK STREET,,ERITH,BEXLEY,GREATER LONDON,A,A
{68FEB20C-3FF9-38DA-E053-6C04A8C051AE},460000,2017-11-24 00:00,N3 2FH,F,Y,L,322,FLAT 68,REGENTS PARK ROAD,,LONDON,BARNET,GREATER LONDON,B,A
{68FEB20C-3FFE-38DA-E053-6C04A8C051AE},1641565,2017-11-29 00:00,,O,N,L,PHASE 1A,,LAMPTON ROAD,,HOUNSLOW,HOUNSLOW,GREATER LONDON,B,A
{68FEB20C-3FFF-38DA-E053-6C04A8C051AE},1000,2017-11-30 00:00,NW10 2JN,O,N,L,425,,HIGH ROAD,,LONDON,BRENT,GREATER LONDON,B,A
{68FEB20C-4001-38DA-E053-6C04A8C051AE},332000,2017-11-20 00:00,E14 0HT,F,N,L,52B,,PORTREE STREET,,LONDON,TOWER HAMLETS,GREATER LONDON,B,A
{68FEB20C-4002-38DA-E053-6C04A8C051AE},175000,2017-11-24 00:00,EN2 6HN,O,N,F,"GARAGES, 130",,LONDON ROAD,,ENFIELD,ENFIELD,GREATER LONDON,B,A
{68FEB20C-4003-38DA-E053-6C04A8C051AE},10000,2017-05-12 00:00,,O,N,L,PARKING SPACE FF,,BRANNIGAN WAY,,EDGWARE,BARNET,GREATER LONDON,B,A
{68FEB20C-4005-38DA-E053-6C04A8C051AE},5000,2017-07-21 00:00,UB7 7BB,O,N,L,116,,HIGH STREET,,WEST DRAYTON,HILLINGDON,GREATER LONDON,B,A
{68FEB20C-4006-38DA-E053-6C04A8C051AE},1000,2017-11-09 00:00,N6 5RQ,O,N,L,MELIOR COURT 79,GARAGE 5,SHEPHERDS HILL,,LONDON,HARINGEY,GREATER LONDON,B,A
{68FEB20C-4007-38DA-E053-6C04A8C051AE},210000,2017-11-27 00:00,UB10 8AU,F,N,L,234A,,SWAKELEYS ROAD,ICKENHAM,UXBRIDGE,HILLINGDON,GREATER LONDON,B,A
{68FEB20C-4008-38DA-E053-6C04A8C051AE},430000,2017-06-08 00:00,TW7 6EL,F,N,L,"INNOVATION HOUSE, 292",FLAT 6,WORTON ROAD,,ISLEWORTH,HOUNSLOW,GREATER LONDON,B,A
{68FEB20C-4009-38DA-E053-6C04A8C051AE},5500,2017-12-01 00:00,E17 5EP,O,N,F,95,,CARR ROAD,WALTHAMSTOW,LONDON,WALTHAM FOREST,GREATER LONDON,B,A
{68FEB20C-400B-38DA-E053-6C04A8C051AE},10000,2017-05-10 00:00,,O,N,L,PARKING SPACE FK,,BRANNIGAN WAY,,EDGWARE,BARNET,GREATER LONDON,B,A
{68FEB20C-400C-38DA-E053-6C04A8C051AE},116960,2017-11-29 00:00,EC4Y 1DH,O,N,L,90 - 94,FIFTH AND SIXTH FLOOR PREMISES,FLEET STREET,,LONDON,CITY OF LONDON,GREATER LONDON,B,A
{68FEB20C-400F-38DA-E053-6C04A8C051AE},260000,2017-10-06 00:00,NW2 6JH,F,N,L,3C,,DOLLIS HILL LANE,,LONDON,BRENT,GREATER LONDON,B,A
{68FEB20C-4010-38DA-E053-6C04A8C051AE},10000,2017-12-13 00:00,,O,N,L,NORTH STAND,CAR PARKING SPACE 68,HIGHBURY STADIUM SQUARE,,LONDON,ISLINGTON,GREATER LONDON,B,A
{68FEB20C-4011-38DA-E053-6C04A8C051AE},4305000,2017-12-11 00:00,,O,N,L,"THE MADISON, 199 - 207",LEVEL 01-15,MARSH WALL,,LONDON,TOWER HAMLETS,GREATER LONDON,B,A
{68FEB20C-4012-38DA-E053-6C04A8C051AE},4328000,2017-12-14 00:00,EC4A 2AH,O,N,F,193,,FLEET STREET,,LONDON,CITY OF LONDON,GREATER LONDON,B,A
{68FEB20C-4014-38DA-E053-6C04A8C051AE},375000,2017-11-30 00:00,NW6 5BA,F,N,L,20D,,CAMBRIDGE AVENUE,,LONDON,BRENT,GREATER LONDON,B,A
{68FEB20C-4015-38DA-E053-6C04A8C051AE},1200000,2017-12-12 00:00,NW6 5PS,T,N,F,19,FIRST & SECOND FLOOR FLAT,MALVERN ROAD,,LONDON,BRENT,GREATER LONDON,B,A
{68FEB20C-4016-38DA-E053-6C04A8C051AE},5000,2017-12-15 00:00,N19 3QL,O,N,L,489 - 491,,HORNSEY ROAD,,LONDON,ISLINGTON,GREATER LONDON,B,A
{68FEB20C-4017-38DA-E053-6C04A8C051AE},164000,2017-11-10 00:00,UB5 6AZ,F,N,L,73,,BYRON WAY,,NORTHOLT,EALING,GREATER LONDON,B,A
{68FEB20C-4018-38DA-E053-6C04A8C051AE},215000,2017-11-24 00:00,EN3 5EF,F,N,L,54,,THE SUNNY ROAD,,ENFIELD,ENFIELD,GREATER LONDON,B,A
{68FEB20C-4019-38DA-E053-6C04A8C051AE},75210,2017-12-14 00:00,E10 7JQ,O,Y,L,"REGENT 88, 210",OFFICE 205,CHURCH ROAD,LEYTON,LONDON,WALTHAM FOREST,GREATER LONDON,B,A
{68FEB20C-401A-38DA-E053-6C04A8C051AE},50000,2017-12-01 00:00,N7 6LE,O,N,L,"THE EDWARD LEAR, 471",,HOLLOWAY ROAD,,LONDON,ISLINGTON,GREATER LONDON,B,A
{68FEB20C-401B-38DA-E053-6C04A8C051AE},432500,2017-12-15 00:00,E10 6QH,F,N,L,32A,,TYNDALL ROAD,LEYTON,LONDON,WALTHAM FOREST,GREATER LONDON,B,A
{68FEB20C-401C-38DA-E053-6C04A8C051AE},530000,2017-07-14 00:00,HA8 7LE,O,N,F,7,,PORTSDOWN,,EDGWARE,BARNET,GREATER LONDON,B,A
{68FEB20C-401D-38DA-E053-6C04A8C051AE},378000,2017-12-19 00:00,HA9 0GN,F,Y,L,"PIENNA APARTMENTS, 2",40,ELVIN GARDENS,,WEMBLEY,BRENT,GREATER LONDON,B,A
{68FEB20C-401E-38DA-E053-6C04A8C051AE},550000,2017-12-12 00:00,NW6 5PS,F,N,L,19A,,MALVERN ROAD,,LONDON,BRENT,GREATER LONDON,B,A
{68FEB20C-401F-38DA-E053-6C04A8C051AE},100,2017-12-12 00:00,N9 9JJ,O,N,L,4,,CAMBRIDGE TERRACE,,LONDON,ENFIELD,GREATER LONDON,B,A
{50F18103-731F-9FD5-E050-A8C063054923},1068650,2017-05-18 00:00,SE26 6SS,T,N,F,WOODSYRE,17,SYDENHAM HILL,,LONDON,SOUTHWARK,GREATER LONDON,A,A
{50F18103-7320-9FD5-E050-A8C063054923},1200000,2017-05-17 00:00,SW19 7HD,T,N,F,7,,PINE GROVE,,LONDON,MERTON,GREATER LONDON,A,A
{50F18103-751B-9FD5-E050-A8C063054923},426000,2017-04-19 00:00,SE25 4LZ,T,N,F,54,,WESTGATE ROAD,,LONDON,CROYDON,GREATER LONDON,A,A
{50F18103-751C-9FD5-E050-A8C063054923},405000,2017-05-22 00:00,DA16 1SD,S,N,F,59,,LEWIS ROAD,,WELLING,BEXLEY,GREATER LONDON,A,A
{50F18103-751D-9FD5-E050-A8C063054923},397500,2017-04-13 00:00,SM1 3SA,T,N,F,184,,BENHILL ROAD,,SUTTON,SUTTON,GREATER LONDON,A,A
{50F18103-751E-9FD5-E050-A8C063054923},450000,2017-03-29 00:00,BR7 6JR,T,N,F,77,,IMPERIAL WAY,,CHISLEHURST,BROMLEY,GREATER LONDON,A,A
{50F18103-751F-9FD5-E050-A8C063054923},230000,2017-04-28 00:00,SW15 3QE,F,N,L,103A,,ROBIN HOOD WAY,,LONDON,KINGSTON UPON THAMES,GREATER LONDON,A,A
{50F18103-7520-9FD5-E050-A8C063054923},465000,2017-05-19 00:00,SM3 9RL,T,N,F,74,,HAMILTON AVENUE,CHEAM,SUTTON,SUTTON,GREATER LONDON,A,A
{50F18103-7521-9FD5-E050-A8C063054923},280000,2017-05-16 00:00,CR0 0BP,S,N,F,30,,UVEDALE CRESCENT,NEW ADDINGTON,CROYDON,CROYDON,GREATER LONDON,A,A
{50F18103-7522-9FD5-E050-A8C063054923},302000,2017-04-25 00:00,SE25 5LE,T,N,F,7,,ALFRED ROAD,,LONDON,CROYDON,GREATER LONDON,A,A
{50F18103-7523-9FD5-E050-A8C063054923},367500,2017-05-18 00:00,BR5 2AP,T,N,F,177,,OAKDENE ROAD,,ORPINGTON,BROMLEY,GREATER LONDON,A,A
{50F18103-7524-9FD5-E050-A8C063054923},400000,2017-03-31 00:00,TW2 6LQ,T,N,F,74,,SPRINGFIELD ROAD,,TWICKENHAM,RICHMOND UPON THAMES,GREATER LONDON,A,A
{50F18103-7525-9FD5-E050-A8C063054923},220000,2017-03-16 00:00,BR4 0LY,F,N,L,CHATSWORTH LODGE,FLAT 21,WICKHAM COURT ROAD,,WEST WICKHAM,BROMLEY,GREATER LONDON,A,A
{50F18103-7526-9FD5-E050-A8C063054923},315000,2017-05-19 00:00,KT9 2LQ,F,N,L,43,,REYNOLDS AVENUE,,CHESSINGTON,KINGSTON UPON THAMES,GREATER LONDON,A,A
{50F18103-7527-9FD5-E050-A8C063054923},335000,2017-04-13 00:00,CR8 5BL,S,N,F,328,,GODSTONE ROAD,,KENLEY,CROYDON,GREATER LONDON,A,A
{50F18103-7528-9FD5-E050-A8C063054923},699950,2017-04-28 00:00,KT5 8LB,T,N,F,10,,ADAMS CLOSE,,SURBITON,KINGSTON UPON THAMES,GREATER LONDON,A,A
{50F18103-7529-9FD5-E050-A8C063054923},231000,2017-04-28 00:00,SM1 2JP,F,N,L,19,,ENNERDALE CLOSE,CHEAM,SUTTON,SUTTON,GREATER LONDON,A,A
{50F18103-752A-9FD5-E050-A8C063054923},900000,2017-05-15 00:00,TW11 9QQ,T,N,F,9,,SYCAMORE WAY,,TEDDINGTON,RICHMOND UPON THAMES,GREATER LONDON,A,A
{50F18103-752C-9FD5-E050-A8C063054923},409950,2017-03-02 00:00,TW10 7YQ,F,N,L,BEAUFORT COURT,54,BEAUFORT ROAD,,RICHMOND,RICHMOND UPON THAMES,GREATER LONDON,A,A
{50F18103-752D-9FD5-E050-A8C063054923},264000,2017-04-27 00:00,DA8 3JQ,S,N,F,27,,BIRLING ROAD,,ERITH,BEXLEY,GREATER LONDON,A,A
{50F18103-752E-9FD5-E050-A8C063054923},415000,2017-05-18 00:00,CR2 8QA,S,N,F,8,,LYNNE CLOSE,,SOUTH CROYDON,CROYDON,GREATER LONDON,A,A
{50F18103-752F-9FD5-E050-A8C063054923},260000,2017-04-07 00:00,BR2 9LH,F,N,L,100,,HOMESDALE ROAD,,BROMLEY,BROMLEY,GREATER LONDON,A,A
{50F18103-7530-9FD5-E050-A8C063054923},290000,2017-05-02 00:00,BR1 4TX,F,N,L,BISHOPSBOURNE HOUSE,FLAT 24,MINSTER ROAD,,BROMLEY,BROMLEY,GREATER LONDON,A,A
{50F18103-7531-9FD5-E050-A8C063054923},530500,2017-04-24 00:00,SE19 1BW,F,N,L,33B,,CENTRAL HILL,,LONDON,CROYDON,GREATER LONDON,A,A
{50F18103-7532-9FD5-E050-A8C063054923},315000,2017-04-28 00:00,CR0 4TY,T,N,F,2,,PETERSHAM TERRACE,,CROYDON,SUTTON,GREATER LONDON,A,A
{50F18103-7533-9FD5-E050-A8C063054923},160000,2017-04-26 00:00,SE28 8EY,F,N,L,44,,MANOR CLOSE,,LONDON,BEXLEY,GREATER LONDON,B,A
{50F18103-7534-9FD5-E050-A8C063054923},275000,2017-05-10 00:00,CR0 4NB,F,N,L,45B,,EPSOM ROAD,,CROYDON,CROYDON,GREATER LONDON,A,A
{50F18103-7535-9FD5-E050-A8C063054923},299995,2017-04-13 00:00,CR7 8JL,F,N,L,2,,BEULAH CRESCENT,,THORNTON HEATH,CROYDON,GREATER LONDON,A,A
{50F18103-7536-9FD5-E050-A8C063054923},310000,2017-04-13 00:00,BR4 9HZ,F,N,L,59,,CROYDON ROAD,,WEST WICKHAM,BROMLEY,GREATER LONDON,B,A
{50F18103-7537-9FD5-E050-A8C063054923},270000,2017-04-24 00:00,DA14 4BY,F,N,L,GATEACRE COURT,9,GRANVILLE ROAD,,SIDCUP,BEXLEY,GREATER LONDON,B,A
{50F18103-7538-9FD5-E050-A8C063054923},279995,2017-03-27 00:00,DA14 4SA,F,N,L,16,,ST ANDREWS ROAD,,SIDCUP,BEXLEY,GREATER LONDON,A,A
{50F18103-7539-9FD5-E050-A8C063054923},840000,2017-04-19 00:00,CR8 4NA,D,N,F,6,,SMITHAM DOWNS ROAD,,PURLEY,CROYDON,GREATER LONDON,A,A
{50F18103-753A-9FD5-E050-A8C063054923},475000,2017-05-19 00:00,CR5 1DJ,S,N,F,45,,CHALDON WAY,,COULSDON,CROYDON,GREATER LONDON,A,A
{50F18103-753B-9FD5-E050-A8C063054923},275000,2017-05-10 00:00,DA14 6PP,F,N,L,"GILLIES COURT, 11",23,STAFFORD ROAD,,SIDCUP,BEXLEY,GREATER LONDON,A,A
{50F18103-776E-9FD5-E050-A8C063054923},230000,2017-01-20 00:00,SE25 4TG,F,N,L,87,FLAT 1,SUNNY BANK,SOUTH NORWOOD,LONDON,CROYDON,GREATER LONDON,A,A
{50F18103-7770-9FD5-E050-A8C063054923},267000,2017-01-23 00:00,CR2 0PG,F,N,L,CLAREMONT VILLAS,4,SANDERSTEAD ROAD,,SOUTH CROYDON,CROYDON,GREATER LONDON,A,A
{50F18103-7771-9FD5-E050-A8C063054923},420000,2017-01-20 00:00,DA16 2LN,S,N,F,158,,YORKLAND AVENUE,,WELLING,BEXLEY,GREATER LONDON,A,A
{50F18103-7772-9FD5-E050-A8C063054923},580000,2017-01-31 00:00,CR5 1EY,S,N,F,4,,LAWRENCES CLOSE,,COULSDON,CROYDON,GREATER LONDON,A,A
{50F18103-7774-9FD5-E050-A8C063054923},400000,2017-01-20 00:00,SW19 1RG,F,N,L,62,FLAT 3,BROADWAY COURT,,LONDON,MERTON,GREATER LONDON,A,A
{50F18103-7775-9FD5-E050-A8C063054923},260000,2017-01-17 00:00,SM3 9BJ,F,N,L,834A,,LONDON ROAD,CHEAM,SUTTON,SUTTON,GREATER LONDON,A,A
{50F18103-7777-9FD5-E050-A8C063054923},290000,2017-01-27 00:00,SE25 6NJ,F,N,L,11,FLAT 5,CLIFTON ROAD,,LONDON,CROYDON,GREATER LONDON,A,A
{50F18103-777A-9FD5-E050-A8C063054923},455000,2017-01-31 00:00,SW19 8EF,F,N,L,387A,,DURNSFORD ROAD,,LONDON,MERTON,GREATER LONDON,A,A
{50F18103-777B-9FD5-E050-A8C063054923},199000,2017-01-27 00:00,CR0 3JA,F,N,L,"DENNETT FLATS, 2",2,DENNETT ROAD,,CROYDON,CROYDON,GREATER LONDON,A,A
{50F18103-777C-9FD5-E050-A8C063054923},455000,2017-02-02 00:00,SW19 3BS,F,Y,L,"SPUR HOUSE, 1",FLAT 19,MILNER ROAD,,LONDON,MERTON,GREATER LONDON,A,A
{50F18103-777D-9FD5-E050-A8C063054923},840000,2017-02-02 00:00,CR2 8SY,D,N,F,22,,BOXFORD CLOSE,,SOUTH CROYDON,CROYDON,GREATER LONDON,A,A
{50F18103-777E-9FD5-E050-A8C063054923},525000,2017-01-20 00:00,KT6 5AU,S,N,F,67,,HAYCROFT ROAD,,SURBITON,KINGSTON UPON THAMES,GREATER LONDON,A,A
{50F18103-777F-9FD5-E050-A8C063054923},315000,2017-01-26 00:00,KT6 6AL,F,N,L,119,FLAT 8,EWELL ROAD,,SURBITON,KINGSTON UPON THAMES,GREATER LONDON,A,A
{50F18103-7780-9FD5-E050-A8C063054923},147500,2017-01-13 00:00,KT4 8HQ,F,N,L,168B,,CENTRAL ROAD,,WORCESTER PARK,SUTTON,GREATER LONDON,A,A
{50F18103-7781-9FD5-E050-A8C063054923},240450,2017-01-24 00:00,BR6 0FD,F,Y,L,"BERWICK HOUSE, 8 - 10",FLAT 30,KNOLL RISE,,ORPINGTON,BROMLEY,GREATER LONDON,A,A
{50F18103-7786-9FD5-E050-A8C063054923},855000,2017-02-14 00:00,CR2 8SY,D,N,F,27,,BOXFORD CLOSE,,SOUTH CROYDON,CROYDON,GREATER LONDON,A,A
{50F18103-7787-9FD5-E050-A8C063054923},380000,2017-01-20 00:00,SE20 8TR,F,N,L,11,,SEYMOUR VILLAS,,LONDON,BROMLEY,GREATER LONDON,A,A
{50F18103-7789-9FD5-E050-A8C063054923},346100,2017-01-30 00:00,SW20 0DS,T,N,F,113B,,COTTENHAM PARK ROAD,,LONDON,MERTON,GREATER LONDON,A,A
{50F18103-778B-9FD5-E050-A8C063054923},259995,2017-01-27 00:00,DA17 6FL,F,Y,L,TOWER HILL COURT,52,MORRIS DRIVE,,BELVEDERE,BEXLEY,GREATER LONDON,A,A
{50F18103-778C-9FD5-E050-A8C063054923},615125,2017-02-16 00:00,SW20 8AG,D,N,F,"MANDALAY MEWS, 31B",2,ARTERBERRY ROAD,,LONDON,MERTON,GREATER LONDON,A,A
{50F18103-778D-9FD5-E050-A8C063054923},370000,2017-01-25 00:00,SW19 3BS,F,Y,L,"SPUR HOUSE, 1",FLAT 12,MILNER ROAD,,LONDON,MERTON,GREATER LONDON,A,A
{50F18103-778E-9FD5-E050-A8C063054923},525000,2017-02-03 00:00,SW19 3BS,F,Y,L,"SPUR HOUSE, 1",FLAT 16,MILNER ROAD,,LONDON,MERTON,GREATER LONDON,A,A
{50F18103-778F-9FD5-E050-A8C063054923},305000,2017-01-27 00:00,TN16 3BD,F,N,L,228C,,MAIN ROAD,BIGGIN HILL,WESTERHAM,BROMLEY,GREATER LONDON,A,A
{50F18103-7792-9FD5-E050-A8C063054923},259000,2017-02-20 00:00,DA17 6FL,F,Y,L,TOWER HILL COURT,63,MORRIS DRIVE,,BELVEDERE,BEXLEY,GREATER LONDON,A,A
{50F18103-7793-9FD5-E050-A8C063054923},227500,2017-01-18 00:00,SE20 8JL,F,N,L,18,,COLLINGWOOD CLOSE,,LONDON,BROMLEY,GREATER LONDON,A,A
{50F18103-7794-9FD5-E050-A8C063054923},249995,2017-01-27 00:00,DA17 6FL,F,Y,L,TOWER HILL COURT,53,MORRIS DRIVE,,BELVEDERE,BEXLEY,GREATER LONDON,B,A
{50F18103-7795-9FD5-E050-A8C063054923},257995,2017-01-27 00:00,DA17 6FL,F,Y,L,TOWER HILL COURT,55,MORRIS DRIVE,,BELVEDERE,BEXLEY,GREATER LONDON,A,A
{50F18103-7796-9FD5-E050-A8C063054923},267995,2017-01-27 00:00,DA17 6HX,T,Y,F,65,,TOWER ROAD,,BELVEDERE,BEXLEY,GREATER LONDON,A,A
{68FEB20C-5BB0-38DA-E053-6C04A8C051AE},32655,2017-06-26 00:00,W7 3JZ,O,N,F,HANWELL DELIVERY OFFICE,,EDINBURGH ROAD,,LONDON,EALING,GREATER LONDON,B,A
{68FEB20C-5BB2-38DA-E053-6C04A8C051AE},973675,2017-10-31 00:00,HA3 8AJ,O,N,F,"CHILD WELFARE CENTRE, 63",,ELMWOOD AVENUE,,HARROW,HARROW,GREATER LONDON,B,A
{68FEB20C-5BBA-38DA-E053-6C04A8C051AE},1600000,2017-08-31 00:00,TW3 1LY,O,N,F,53,,LAMPTON ROAD,,HOUNSLOW,HOUNSLOW,GREATER LONDON,B,A
{582D0636-D58C-8F22-E053-6C04A8C01BAC},235000,2017-07-31 00:00,IG3 8SJ,F,N,L,39A,,BLYTHSWOOD ROAD,,ILFORD,REDBRIDGE,GREATER LONDON,A,A
{582D0636-D58D-8F22-E053-6C04A8C01BAC},385000,2017-07-31 00:00,IG3 8AS,T,N,F,13,,NEW ROAD,,ILFORD,REDBRIDGE,GREATER LONDON,A,A
{582D0636-D58E-8F22-E053-6C04A8C01BAC},615000,2017-07-13 00:00,N22 5ET,T,N,F,19,,NEW ROAD,WOOD GREEN,LONDON,HARINGEY,GREATER LONDON,A,A
{582D0636-D58F-8F22-E053-6C04A8C01BAC},462500,2017-08-10 00:00,E3 5NU,F,N,L,6,,FORD STREET,,LONDON,TOWER HAMLETS,GREATER LONDON,A,A
{582D0636-D590-8F22-E053-6C04A8C01BAC},210000,2017-06-30 00:00,N9 8PG,F,N,L,"TOBY COURT, 81",FLAT 12,TRAMWAY AVENUE,,LONDON,ENFIELD,GREATER LONDON,A,A
{582D0636-D591-8F22-E053-6C04A8C01BAC},235000,2017-05-26 00:00,RM1 2TE,F,N,L,44,,MARWELL CLOSE,,ROMFORD,HAVERING,GREATER LONDON,A,A
{582D0636-D592-8F22-E053-6C04A8C01BAC},182000,2017-06-02 00:00,N9 8BL,F,N,L,"NATHAN COURT, 87",FLAT 12,CAUSEYWARE ROAD,EDMONTON,LONDON,ENFIELD,GREATER LONDON,A,A
{582D0636-D593-8F22-E053-6C04A8C01BAC},910000,2017-08-11 00:00,IG8 0PP,S,N,F,13,,BARCLAY OVAL,,WOODFORD GREEN,REDBRIDGE,GREATER LONDON,A,A
{582D0636-D594-8F22-E053-6C04A8C01BAC},255000,2017-08-08 00:00,EN2 7PR,F,N,L,INGLEBOROUGH,FLAT 36,CAVELL DRIVE,,ENFIELD,ENFIELD,GREATER LONDON,A,A
{5CF9903B-CC08-7F13-E053-6C04A8C074B1},460000,2017-10-20 00:00,IG2 7TP,T,N,F,67,,RAMSGILL DRIVE,,ILFORD,REDBRIDGE,GREATER LONDON,A,A
{5CF9903B-CC09-7F13-E053-6C04A8C074B1},325000,2017-10-06 00:00,RM3 7HD,S,N,F,136,,HEATON AVENUE,,ROMFORD,HAVERING,GREATER LONDON,A,A
{5CF9903B-CC0A-7F13-E053-6C04A8C074B1},315000,2017-10-04 00:00,RM10 7SA,T,N,F,77,,OGLETHORPE ROAD,,DAGENHAM,BARKING AND DAGENHAM,GREATER LONDON,B,A
{5CF9903B-CC0B-7F13-E053-6C04A8C074B1},855000,2017-10-09 00:00,E17 4SH,T,N,F,11,,HOWARD ROAD,WALTHAMSTOW,LONDON,WALTHAM FOREST,GREATER LONDON,A,A
{5CF9903B-CC0C-7F13-E053-6C04A8C074B1},476000,2017-09-15 00:00,E4 8EX,T,N,F,150,,HALL LANE,,LONDON,WALTHAM FOREST,GREATER LONDON,A,A
{5CF9903B-CC0D-7F13-E053-6C04A8C074B1},430000,2017-09-18 00:00,IG8 0TY,T,N,F,24,,JACKLIN GREEN,,WOODFORD GREEN,REDBRIDGE,GREATER LONDON,A,A
{5CF9903B-CC0E-7F13-E053-6C04A8C074B1},412000,2017-10-11 00:00,IG8 0TY,T,N,F,39,,JACKLIN GREEN,,WOODFORD GREEN,REDBRIDGE,GREATER LONDON,A,A
{5CF9903B-CC0F-7F13-E053-6C04A8C074B1},440000,2017-08-18 00:00,E4 7DJ,S,N,F,20,,SPRINGFIELD ROAD,CHINGFORD,LONDON,WALTHAM FOREST,GREATER LONDON,A,A
{5CF9903B-CC10-7F13-E053-6C04A8C074B1},328000,2017-09-27 00:00,RM3 7DB,S,N,F,211,,BELL AVENUE,,ROMFORD,HAVERING,GREATER LONDON,A,A
{5CF9903B-CC11-7F13-E053-6C04A8C074B1},390000,2017-10-09 00:00,RM12 5PA,S,N,F,470,,SOUTH END ROAD,,HORNCHURCH,HAVERING,GREATER LONDON,A,A
{5CF9903B-CC12-7F13-E053-6C04A8C074B1},390000,2017-09-14 00:00,E16 2HZ,T,N,F,3,,FERNHILL STREET,,LONDON,NEWHAM,GREATER LONDON,A,A
{5CF9903B-CC13-7F13-E053-6C04A8C074B1},350000,2017-09-22 00:00,RM14 1EU,T,N,F,50,,MOOR LANE,,UPMINSTER,HAVERING,GREATER LONDON,A,A
{5CF9903B-CC14-7F13-E053-6C04A8C074B1},335000,2017-10-12 00:00,RM13 9AH,T,N,F,121,,INGREBOURNE ROAD,,RAINHAM,HAVERING,GREATER LONDON,A,A
{5CF9903B-CC15-7F13-E053-6C04A8C074B1},500000,2017-10-02 00:00,E7 0HB,T,N,F,16,,CURWEN AVENUE,,LONDON,NEWHAM,GREATER LONDON,A,A
{5CF9903B-CC16-7F13-E053-6C04A8C074B1},315000,2017-09-26 00:00,RM13 7UB,T,N,F,59,,HARLOW ROAD,,RAINHAM,HAVERING,GREATER LONDON,A,A
{5CF9903B-CC17-7F13-E053-6C04A8C074B1},285000,2017-10-12 00:00,IG11 7YQ,T,N,F,23,,SPARSHOLT ROAD,,BARKING,BARKING AND DAGENHAM,GREATER LONDON,A,A
{5CF9903B-CC18-7F13-E053-6C04A8C074B1},290000,2017-09-29 00:00,RM1 3BX,F,N,L,26A,,GILBERT ROAD,,ROMFORD,HAVERING,GREATER LONDON,A,A
{5CF9903B-CC19-7F13-E053-6C04A8C074B1},892000,2017-09-15 00:00,E11 3RB,S,N,F,111,,WOODLANDS AVENUE,,LONDON,REDBRIDGE,GREATER LONDON,A,A
{5CF9903B-CC1A-7F13-E053-6C04A8C074B1},310000,2017-09-29 00:00,RM11 1BS,S,N,F,5,,GLOBE ROAD,,HORNCHURCH,HAVERING,GREATER LONDON,A,A
{5CF9903B-D2B1-7F13-E053-6C04A8C074B1},335000,2017-10-09 00:00,RM3 7JT,T,N,F,355,,STRAIGHT ROAD,HAROLD HILL,ROMFORD,HAVERING,GREATER LONDON,A,A
{4E95D757-6C14-EDA1-E050-A8C0630539E2},1287500,2017-03-31 00:00,N20 8DB,S,N,F,26,,SOUTHWAY,,LONDON,BARNET,GREATER LONDON,A,A
{5376B385-8684-34C1-E053-6B04A8C09FF6},415500,2017-06-09 00:00,DA16 1DE,T,N,F,64,,OKEHAMPTON CRESCENT,,WELLING,BEXLEY,GREATER LONDON,A,A
{5CF9903B-CA11-7F13-E053-6C04A8C074B1},420000,2017-09-29 00:00,N22 7BP,F,N,L,357,FLAT 2,ALEXANDRA PARK ROAD,,LONDON,HARINGEY,GREATER LONDON,A,A
{5CF9903B-CA12-7F13-E053-6C04A8C074B1},295000,2017-09-15 00:00,RM8 3PD,T,N,F,24,,HITHERFIELD ROAD,,DAGENHAM,BARKING AND DAGENHAM,GREATER LONDON,A,A
{5CF9903B-CA14-7F13-E053-6C04A8C074B1},535000,2017-09-11 00:00,E9 5LU,F,N,L,6,,BERKSHIRE ROAD,,LONDON,HACKNEY,GREATER LONDON,A,A
{5CF9903B-CA15-7F13-E053-6C04A8C074B1},495000,2017-09-29 00:00,E11 2EL,F,N,L,13,,THE SHRUBBERY,,LONDON,REDBRIDGE,GREATER LONDON,A,A
{5CF9903B-CA16-7F13-E053-6C04A8C074B1},1500000,2017-09-13 00:00,E1W 3TH,F,N,L,"GREAT JUBILEE WHARF, 78",FLAT 14,WAPPING WALL,,LONDON,TOWER HAMLETS,GREATER LONDON,A,A
{5CF9903B-CA17-7F13-E053-6C04A8C074B1},235000,2017-10-04 00:00,RM10 7XB,F,N,L,514,,RAINHAM ROAD SOUTH,,DAGENHAM,BARKING AND DAGENHAM,GREATER LONDON,A,A
{5CF9903B-CA18-7F13-E053-6C04A8C074B1},345000,2017-10-06 00:00,E2 0TF,F,N,L,67,,BRIERLY GARDENS,,LONDON,TOWER HAMLETS,GREATER LONDON,A,A
{5CF9903B-CA19-7F13-E053-6C04A8C074B1},282000,2017-09-15 00:00,RM2 5XB,F,N,L,HEATHLANDS,FLAT 7,WITHAM ROAD,,ROMFORD,HAVERING,GREATER LONDON,A,A
{5CF9903B-CA1A-7F13-E053-6C04A8C074B1},342000,2017-10-04 00:00,N8 7AJ,F,N,L,NEWLAND HOUSE,FLAT 14,NEWLAND ROAD,,LONDON,HARINGEY,GREATER LONDON,A,A
{5CF9903B-CA1B-7F13-E053-6C04A8C074B1},300000,2017-10-13 00:00,RM9 4JA,T,N,F,50,,ROTHWELL ROAD,,DAGENHAM,BARKING AND DAGENHAM,GREATER LONDON,A,A
{5CF9903B-CA1C-7F13-E053-6C04A8C074B1},565000,2017-10-17 00:00,E17 6HB,T,N,F,11,,PASQUIER ROAD,,LONDON,WALTHAM FOREST,GREATER LONDON,A,A
{5CF9903B-CA1E-7F13-E053-6C04A8C074B1},362500,2017-04-04 00:00,E14 8SA,F,N,L,"GARLAND COURT, 1",FLAT 12,PREMIERE PLACE,,LONDON,TOWER HAMLETS,GREATER LONDON,A,A
{5CF9903B-CA1F-7F13-E053-6C04A8C074B1},285000,2017-08-25 00:00,EN3 5QE,F,N,L,77,,CREST DRIVE,,ENFIELD,ENFIELD,GREATER LONDON,A,A
{5CF9903B-CA20-7F13-E053-6C04A8C074B1},470000,2017-10-09 00:00,E1 8RL,F,N,L,1,FLAT 77,PRESCOT STREET,,LONDON,TOWER HAMLETS,GREATER LONDON,A,A
{5CF9903B-CA21-7F13-E053-6C04A8C074B1},570000,2017-09-22 00:00,E2 6LY,F,N,L,21,,POLLARD STREET,,LONDON,TOWER HAMLETS,GREATER LONDON,A,A
{5CF9903B-CA22-7F13-E053-6C04A8C074B1},990000,2017-09-27 00:00,E12 5DP,S,N,F,16,,ST MARGARETS ROAD,,LONDON,REDBRIDGE,GREATER LONDON,A,A
{5CF9903B-CA23-7F13-E053-6C04A8C074B1},1855000,2017-09-14 00:00,N1 4JP,S,N,F,29,,STAMFORD ROAD,,LONDON,HACKNEY,GREATER LONDON,A,A
{5376B385-868B-34C1-E053-6B04A8C09FF6},510000,2017-06-01 00:00,BR6 7AP,S,N,F,28,,STARTS HILL ROAD,FARNBOROUGH,ORPINGTON,BROMLEY,GREATER LONDON,A,A
{5376B385-868D-34C1-E053-6B04A8C09FF6},665000,2017-05-31 00:00,BR6 8JZ,D,N,F,28,,FAIRBANK AVENUE,,ORPINGTON,BROMLEY,GREATER LONDON,A,A
{5376B385-8698-34C1-E053-6B04A8C09FF6},965000,2017-06-21 00:00,BR7 5LD,D,N,F,44,,CHISLEHURST ROAD,,CHISLEHURST,BROMLEY,GREATER LONDON,A,A
{5376B385-869E-34C1-E053-6B04A8C09FF6},380000,2017-05-04 00:00,DA14 4NU,S,N,F,18,,LONGMEAD DRIVE,,SIDCUP,BEXLEY,GREATER LONDON,A,A
{5376B385-86A2-34C1-E053-6B04A8C09FF6},357000,2017-06-19 00:00,DA14 6ET,T,N,F,21,,BLACKHORSE ROAD,,SIDCUP,BEXLEY,GREATER LONDON,A,A
{5376B385-86A3-34C1-E053-6B04A8C09FF6},450000,2017-06-09 00:00,DA14 4PF,S,N,F,19,,CHERRYDOWN ROAD,,SIDCUP,BEXLEY,GREATER LONDON,A,A
{5376B385-8AF7-34C1-E053-6B04A8C09FF6},340000,2017-05-23 00:00,DA15 8SF,T,N,F,23,,RIDGEWAY WEST,,SIDCUP,BEXLEY,GREATER LONDON,A,A
{5376B385-8B0F-34C1-E053-6B04A8C09FF6},425000,2017-05-26 00:00,DA5 3AR,T,N,F,4,,CROFTON AVENUE,,BEXLEY,BEXLEY,GREATER LONDON,A,A
{5CF9903B-CA25-7F13-E053-6C04A8C074B1},285000,2017-10-13 00:00,E12 5NP,F,N,L,35,,SELBORNE AVENUE,,LONDON,NEWHAM,GREATER LONDON,A,A
{5CF9903B-CA26-7F13-E053-6C04A8C074B1},275000,2017-09-19 00:00,N10 3NQ,F,N,L,"BISHOPS VIEW COURT, 24A",FLAT 11,CHURCH CRESCENT,,LONDON,HARINGEY,GREATER LONDON,A,A
{5CF9903B-CA27-7F13-E053-6C04A8C074B1},170413,2017-01-06 00:00,RM8 2JG,T,N,F,19,,DONNE ROAD,,DAGENHAM,BARKING AND DAGENHAM,GREATER LONDON,A,A
{5CF9903B-CA29-7F13-E053-6C04A8C074B1},355000,2017-09-15 00:00,RM7 9AS,S,N,F,43,,COTLEIGH ROAD,,ROMFORD,HAVERING,GREATER LONDON,A,A
{5CF9903B-CA2A-7F13-E053-6C04A8C074B1},206635,2017-09-12 00:00,RM10 9YW,F,N,L,12,,CHANTRESS CLOSE,,DAGENHAM,BARKING AND DAGENHAM,GREATER LONDON,A,A
{5CF9903B-CA2B-7F13-E053-6C04A8C074B1},317500,2017-09-25 00:00,N17 6XU,F,N,L,52A,,RANELAGH ROAD,,LONDON,HARINGEY,GREATER LONDON,A,A
{5CF9903B-CA2C-7F13-E053-6C04A8C074B1},335000,2017-10-13 00:00,RM13 9QQ,S,N,F,125,,BRISCOE ROAD,,RAINHAM,HAVERING,GREATER LONDON,A,A
{5CF9903B-CA2D-7F13-E053-6C04A8C074B1},755892,2017-09-14 00:00,E9 7SG,F,N,L,5,FLAT 202,KING EDWARD'S ROAD,,LONDON,HACKNEY,GREATER LONDON,A,A
{5CF9903B-CA2E-7F13-E053-6C04A8C074B1},292000,2017-10-02 00:00,RM10 9BB,T,N,F,162,,THIRD AVENUE,,DAGENHAM,BARKING AND DAGENHAM,GREATER LONDON,A,A
{5CF9903B-CA2F-7F13-E053-6C04A8C074B1},395000,2017-09-20 00:00,N14 4JU,F,N,L,111A,,CHASE ROAD,,LONDON,ENFIELD,GREATER LONDON,A,A
{5CF9903B-CA30-7F13-E053-6C04A8C074B1},380000,2017-09-26 00:00,RM7 0WX,T,N,F,22,,CAMPION CLOSE,RUSH GREEN,ROMFORD,BARKING AND DAGENHAM,GREATER LONDON,A,A
{5CF9903B-CA31-7F13-E053-6C04A8C074B1},272000,2017-06-26 00:00,E16 3RU,F,N,L,79,,HOSKINS CLOSE,,LONDON,NEWHAM,GREATER LONDON,A,A
{5CF9903B-CC1B-7F13-E053-6C04A8C074B1},340000,2017-09-29 00:00,RM3 9TX,S,N,F,26,,BEDALE ROAD,,ROMFORD,HAVERING,GREATER LONDON,A,A
{5CF9903B-CC1D-7F13-E053-6C04A8C074B1},550000,2017-09-27 00:00,IG8 8JQ,S,N,F,16,,CANFIELD ROAD,,WOODFORD GREEN,REDBRIDGE,GREATER LONDON,A,A
{5CF9903B-CC1E-7F13-E053-6C04A8C074B1},430000,2017-10-10 00:00,E13 8RW,T,N,F,99,,PRINCE REGENT LANE,PLAISTOW,LONDON,NEWHAM,GREATER LONDON,A,A
{5CF9903B-CC1F-7F13-E053-6C04A8C074B1},588000,2017-08-29 00:00,E17 8PE,T,N,F,158,,QUEENS ROAD,WALTHAMSTOW,LONDON,WALTHAM FOREST,GREATER LONDON,A,A
{5CF9903B-CC20-7F13-E053-6C04A8C074B1},304000,2017-09-29 00:00,RM3 9RB,S,N,F,7,,REDRUTH GARDENS,,ROMFORD,HAVERING,GREATER LONDON,A,A
{5CF9903B-CC21-7F13-E053-6C04A8C074B1},405000,2017-09-29 00:00,IG7 4EU,T,N,F,123,,BROCKET WAY,,CHIGWELL,REDBRIDGE,GREATER LONDON,A,A
{5CF9903B-CC22-7F13-E053-6C04A8C074B1},365000,2017-09-15 00:00,RM8 1JJ,T,N,F,76,,STANLEY AVENUE,,DAGENHAM,BARKING AND DAGENHAM,GREATER LONDON,B,A
{5CF9903B-CC23-7F13-E053-6C04A8C074B1},410000,2017-09-20 00:00,RM11 1SP,T,N,F,3,,WEDLAKE CLOSE,,HORNCHURCH,HAVERING,GREATER LONDON,A,A
{5CF9903B-CC24-7F13-E053-6C04A8C074B1},520000,2017-10-06 00:00,RM12 6QS,S,N,F,1,,HITHERWOOD CLOSE,,HORNCHURCH,HAVERING,GREATER LONDON,A,A
{61D8894D-8E9D-3DE6-E053-6C04A8C01207},2750000,2017-11-27 00:00,NW5 1EE,S,N,F,17,,BOSCASTLE ROAD,,LONDON,CAMDEN,GREATER LONDON,A,A
{5CF9903B-CA32-7F13-E053-6C04A8C074B1},1625000,2017-09-28 00:00,E1W 3TH,F,N,L,"GREAT JUBILEE WHARF, 78",FLAT 25,WAPPING WALL,,LONDON,TOWER HAMLETS,GREATER LONDON,A,A
{5CF9903B-CA33-7F13-E053-6C04A8C074B1},580000,2017-09-29 00:00,E2 0SU,F,N,L,3,FLAT 10,TWIG FOLLY CLOSE,,LONDON,TOWER HAMLETS,GREATER LONDON,A,A
{5CF9903B-CA34-7F13-E053-6C04A8C074B1},600000,2017-09-15 00:00,N21 1SQ,F,N,L,"BLAKE COURT, 1",FLAT 43,NEWSHOLME DRIVE,,LONDON,ENFIELD,GREATER LONDON,A,A
{5376B385-86AB-34C1-E053-6B04A8C09FF6},375000,2017-05-19 00:00,DA7 5DA,S,N,F,43,,ST AUDREY AVENUE,,BEXLEYHEATH,BEXLEY,GREATER LONDON,A,A
{5376B385-86B2-34C1-E053-6B04A8C09FF6},316000,2017-05-30 00:00,BR5 3EH,T,N,F,4,,STATION ROAD,ST PAULS CRAY,ORPINGTON,BROMLEY,GREATER LONDON,A,A
{5376B385-86B5-34C1-E053-6B04A8C09FF6},312500,2017-05-26 00:00,DA8 1HF,S,N,F,113,,HORSA ROAD,,ERITH,BEXLEY,GREATER LONDON,A,A
{5376B385-86B6-34C1-E053-6B04A8C09FF6},323000,2017-06-17 00:00,DA15 9LT,T,N,F,30,,MAPLE CRESCENT,BLACKFEN,SIDCUP,BEXLEY,GREATER LONDON,A,A
{5376B385-86BE-34C1-E053-6B04A8C09FF6},670000,2017-06-09 00:00,BR4 9NJ,S,N,F,31,,HIGHFIELD DRIVE,,WEST WICKHAM,BROMLEY,GREATER LONDON,A,A
{5376B385-86C2-34C1-E053-6B04A8C09FF6},380000,2017-05-19 00:00,DA5 3DZ,T,N,F,339,,HURST ROAD,,BEXLEY,BEXLEY,GREATER LONDON,A,A
{5376B385-86C3-34C1-E053-6B04A8C09FF6},831000,2017-05-12 00:00,BR2 0NL,D,N,F,47,,KINGSWOOD ROAD,SHORTLANDS,BROMLEY,BROMLEY,GREATER LONDON,A,A
{5376B385-88E9-34C1-E053-6B04A8C09FF6},665000,2017-06-16 00:00,BR2 0TW,S,N,F,60,,PICKHURST PARK,,BROMLEY,BROMLEY,GREATER LONDON,A,A
{5376B385-88F5-34C1-E053-6B04A8C09FF6},394000,2017-06-13 00:00,DA17 6HW,D,N,F,45,,HOLMHURST ROAD,,BELVEDERE,BEXLEY,GREATER LONDON,A,A
{5CF9903B-CA35-7F13-E053-6C04A8C074B1},1125000,2017-08-30 00:00,E2 7BJ,T,N,F,98,,BARNET GROVE,,LONDON,TOWER HAMLETS,GREATER LONDON,A,A
{5CF9903B-CA36-7F13-E053-6C04A8C074B1},751422,2017-10-06 00:00,IG8 9EH,T,N,F,11,,ST ALBANS CRESCENT,,WOODFORD GREEN,REDBRIDGE,GREATER LONDON,A,A
{5CF9903B-CA37-7F13-E053-6C04A8C074B1},650000,2017-09-22 00:00,E9 7SG,F,N,L,5,FLAT 205,KING EDWARD'S ROAD,,LONDON,HACKNEY,GREATER LONDON,A,A
{5CF9903B-CA38-7F13-E053-6C04A8C074B1},450000,2017-09-11 00:00,RM1 4RA,S,N,F,84,,HAVERING ROAD,,ROMFORD,HAVERING,GREATER LONDON,A,A
{5CF9903B-CA39-7F13-E053-6C04A8C074B1},450000,2017-10-06 00:00,EN2 6NB,T,N,F,61,,CHASE SIDE,,ENFIELD,ENFIELD,GREATER LONDON,A,A
{5CF9903B-CA3A-7F13-E053-6C04A8C074B1},235000,2017-04-18 00:00,IG11 8BS,F,N,L,27,,CUTHBERGA CLOSE,,BARKING,BARKING AND DAGENHAM,GREATER LONDON,A,A
{5CF9903B-CA3B-7F13-E053-6C04A8C074B1},930000,2017-10-10 00:00,N6 5DR,F,N,L,66,FLAT 1,AVENUE ROAD,HIGHGATE,LONDON,HARINGEY,GREATER LONDON,A,A
{5CF9903B-CA3C-7F13-E053-6C04A8C074B1},205000,2017-10-06 00:00,EN3 6GQ,F,N,L,SOPER MEWS,FLAT 1,HARSTON DRIVE,,ENFIELD,ENFIELD,GREATER LONDON,A,A
{5CF9903B-CA3D-7F13-E053-6C04A8C074B1},250000,2017-09-04 00:00,RM8 3PT,T,N,F,189,,BENTRY ROAD,,DAGENHAM,BARKING AND DAGENHAM,GREATER LONDON,A,A
{5CF9903B-CA3E-7F13-E053-6C04A8C074B1},850000,2017-09-28 00:00,E14 9GR,F,N,L,8,FLAT 61,SELSDON WAY,,LONDON,TOWER HAMLETS,GREATER LONDON,A,A
{5CF9903B-CA3F-7F13-E053-6C04A8C074B1},384170,2017-09-29 00:00,RM11 1AP,S,N,F,11,,ALLANDALE ROAD,,HORNCHURCH,HAVERING,GREATER LONDON,A,A
{5CF9903B-CA40-7F13-E053-6C04A8C074B1},185000,2017-09-12 00:00,E4 8LL,F,N,L,"KINGSWOOD COURT, 175",FLAT 39,CHINGFORD MOUNT ROAD,,LONDON,WALTHAM FOREST,GREATER LONDON,A,A
{5CF9903B-CA41-7F13-E053-6C04A8C074B1},391000,2017-09-04 00:00,RM5 3AL,T,N,F,50,,HAINAULT ROAD,,ROMFORD,HAVERING,GREATER LONDON,A,A
{5CF9903B-CA42-7F13-E053-6C04A8C074B1},410000,2017-09-27 00:00,E18 2BU,F,N,L,40,,RIVENHALL GARDENS,,LONDON,REDBRIDGE,GREATER LONDON,A,A
{5CF9903B-CA43-7F13-E053-6C04A8C074B1},265000,2017-09-25 00:00,RM11 1UX,F,N,L,12,,EMERSON PARK COURT,,HORNCHURCH,HAVERING,GREATER LONDON,A,A
{5CF9903B-CA44-7F13-E053-6C04A8C074B1},415000,2017-05-31 00:00,N9 9DN,D,N,L,51,,LION ROAD,,LONDON,ENFIELD,GREATER LONDON,A,A
{5CF9903B-CA47-7F13-E053-6C04A8C074B1},362500,2017-09-29 00:00,RM8 1LU,T,N,F,36,,GRAY AVENUE,,DAGENHAM,BARKING AND DAGENHAM,GREATER LONDON,A,A
{5CF9903B-CA48-7F13-E053-6C04A8C074B1},545000,2017-10-20 00:00,E17 7HT,T,N,F,94,,SALOP ROAD,,LONDON,WALTHAM FOREST,GREATER LONDON,A,A
{5CF9903B-CA49-7F13-E053-6C04A8C074B1},232500,2017-08-31 00:00,E9 5SB,F,N,L,12,FLAT 2,BARNABAS ROAD,,LONDON,HACKNEY,GREATER LONDON,A,A
{5CF9903B-CA4A-7F13-E053-6C04A8C074B1},550000,2017-10-02 00:00,E14 8LN,F,N,L,"OCEAN WHARF, 60",FLAT 3,WESTFERRY ROAD,,LONDON,TOWER HAMLETS,GREATER LONDON,A,A
{5CF9903B-CA4B-7F13-E053-6C04A8C074B1},870000,2017-09-13 00:00,RM11 2RU,D,N,F,2,,BRINDLES,,HORNCHURCH,HAVERING,GREATER LONDON,A,A
{5CF9903B-CA4C-7F13-E053-6C04A8C074B1},440000,2017-10-05 00:00,RM14 3LL,S,N,F,85,,PETERBOROUGH AVENUE,,UPMINSTER,HAVERING,GREATER LONDON,A,A
{5CF9903B-CA4D-7F13-E053-6C04A8C074B1},410000,2017-08-30 00:00,RM11 1SW,S,N,F,53,,KERSHAW CLOSE,,HORNCHURCH,HAVERING,GREATER LONDON,A,A
{5CF9903B-CA4E-7F13-E053-6C04A8C074B1},290000,2017-09-19 00:00,RM8 2YL,T,N,F,52,,FITZSTEPHEN ROAD,,DAGENHAM,BARKING AND DAGENHAM,GREATER LONDON,A,A
{5CF9903B-CA4F-7F13-E053-6C04A8C074B1},273000,2017-10-19 00:00,IG2 6RU,F,N,L,"CHALFORD COURT, 10",6,PERSHORE CLOSE,,ILFORD,REDBRIDGE,GREATER LONDON,A,A
{5CF9903B-CA50-7F13-E053-6C04A8C074B1},290000,2017-09-22 00:00,RM9 4HN,T,N,F,2,,COTTON CLOSE,,DAGENHAM,BARKING AND DAGENHAM,GREATER LONDON,A,A
{5CF9903B-CA51-7F13-E053-6C04A8C074B1},400000,2017-09-29 00:00,RM12 6TD,S,N,F,51,,KENT DRIVE,,HORNCHURCH,HAVERING,GREATER LONDON,A,A
{5CF9903B-CA52-7F13-E053-6C04A8C074B1},302500,2017-09-15 00:00,RM13 9AD,T,N,F,2,,GLENWOOD AVENUE,,RAINHAM,HAVERING,GREATER LONDON,A,A
{4E95D757-A4A3-EDA1-E050-A8C0630539E2},885000,2017-04-04 00:00,HA5 2HP,D,N,F,2,,DAYMER GARDENS,,PINNER,HILLINGDON,GREATER LONDON,A,A
{4E95D757-A4A4-EDA1-E050-A8C0630539E2},397000,2017-03-31 00:00,UB8 3AG,T,N,F,17,,BELGRAVE MEWS,,UXBRIDGE,HILLINGDON,GREATER LONDON,A,A
{4E95D757-A4A5-EDA1-E050-A8C0630539E2},463000,2017-03-30 00:00,IG2 6SB,T,N,F,46,,ASHURST DRIVE,,ILFORD,REDBRIDGE,GREATER LONDON,A,A
{4E95D757-A4A6-EDA1-E050-A8C0630539E2},415000,2017-03-21 00:00,HA3 5AN,T,N,F,89,,MASONS AVENUE,,HARROW,HARROW,GREATER LONDON,A,A
{4E95D757-A4A7-EDA1-E050-A8C0630539E2},375000,2017-04-13 00:00,RM12 4AU,T,N,F,58,,COWDRAY WAY,,HORNCHURCH,HAVERING,GREATER LONDON,A,A
{4E95D757-A4A8-EDA1-E050-A8C0630539E2},339000,2017-03-01 00:00,UB8 3AG,T,N,F,33,,BELGRAVE MEWS,,UXBRIDGE,HILLINGDON,GREATER LONDON,A,A
{4E95D757-A4A9-EDA1-E050-A8C0630539E2},300000,2017-03-03 00:00,E18 2DD,T,N,F,19,,KINGSPARK COURT,,LONDON,REDBRIDGE,GREATER LONDON,A,A
{4E95D757-A4AA-EDA1-E050-A8C0630539E2},410000,2017-03-31 00:00,E6 3BE,T,N,F,33,,KIMBERLEY AVENUE,,LONDON,NEWHAM,GREATER LONDON,A,A
{4E95D757-A4AB-EDA1-E050-A8C0630539E2},805000,2017-04-10 00:00,EN1 2EH,D,N,F,29,,PRIVATE ROAD,,ENFIELD,ENFIELD,GREATER LONDON,A,A
{4E95D757-A4AC-EDA1-E050-A8C0630539E2},530800,2017-03-31 00:00,IG8 7HB,S,N,F,6,,LANGFORD ROAD,,WOODFORD GREEN,REDBRIDGE,GREATER LONDON,A,A
{4E95D757-A4AD-EDA1-E050-A8C0630539E2},428000,2017-04-13 00:00,E15 2TR,T,N,F,45,,DOWNSELL ROAD,,LONDON,WALTHAM FOREST,GREATER LONDON,A,A
{4E95D757-A4AE-EDA1-E050-A8C0630539E2},715000,2017-03-24 00:00,N14 4LA,D,N,F,95,,CHASE ROAD,,LONDON,ENFIELD,GREATER LONDON,A,A
{4E95D757-A4AF-EDA1-E050-A8C0630539E2},275000,2017-03-24 00:00,RM9 5RT,T,N,F,259,,IVYHOUSE ROAD,,DAGENHAM,BARKING AND DAGENHAM,GREATER LONDON,A,A
{4E95D757-A4B0-EDA1-E050-A8C0630539E2},2072500,2017-04-04 00:00,NW3 7HL,T,N,F,8,,NORTH END,HAMPSTEAD,LONDON,CAMDEN,GREATER LONDON,A,A
{4E95D757-A4B1-EDA1-E050-A8C0630539E2},499950,2017-03-31 00:00,HA5 5QP,T,N,F,FRINTLY,,THE CHASE,,PINNER,HARROW,GREATER LONDON,A,A
{4E95D757-A4B2-EDA1-E050-A8C0630539E2},635000,2017-03-30 00:00,N17 6TT,T,N,F,28,,LOXWOOD ROAD,,LONDON,HARINGEY,GREATER LONDON,A,A
{4E95D757-A4B3-EDA1-E050-A8C0630539E2},3550000,2017-03-21 00:00,NW8 0JX,T,N,F,11,,CARLTON HILL,,LONDON,CITY OF WESTMINSTER,GREATER LONDON,A,A
{4E95D757-A4B4-EDA1-E050-A8C0630539E2},196000,2017-03-27 00:00,NW3 2DH,F,N,L,ETON HALL,FLAT 66,ETON COLLEGE ROAD,,LONDON,CAMDEN,GREATER LONDON,A,A
{4E95D757-A4B5-EDA1-E050-A8C0630539E2},400000,2017-03-31 00:00,N9 7DG,S,N,F,17,,BYRON TERRACE,,LONDON,ENFIELD,GREATER LONDON,A,A
{4E95D757-A4B6-EDA1-E050-A8C0630539E2},375000,2017-04-12 00:00,TW13 6NH,S,N,F,40,,RIVERDALE ROAD,,FELTHAM,HOUNSLOW,GREATER LONDON,A,A
{4E95D757-A4B7-EDA1-E050-A8C0630539E2},1510000,2017-04-07 00:00,N8 8LD,T,N,F,37,,FARRER ROAD,,LONDON,HARINGEY,GREATER LONDON,A,A
{4E95D757-A4B8-EDA1-E050-A8C0630539E2},550000,2017-04-18 00:00,N15 4DS,T,N,F,9,,CUNNINGHAM ROAD,,LONDON,HARINGEY,GREATER LONDON,A,A
{4E95D757-A4B9-EDA1-E050-A8C0630539E2},1425000,2017-04-13 00:00,NW10 3DB,S,N,F,17,,DOYLE GARDENS,,LONDON,BRENT,GREATER LONDON,A,A
{4E95D757-A4BA-EDA1-E050-A8C0630539E2},512500,2017-04-13 00:00,W13 8PR,F,N,L,STRETTON LODGE,9,GORDON ROAD,,LONDON,EALING,GREATER LONDON,A,A
{4E95D757-A4BB-EDA1-E050-A8C0630539E2},2500000,2017-04-12 00:00,SW3 5LS,F,N,L,CARLYLE MANSIONS,FLAT 4,CHEYNE WALK,,LONDON,KENSINGTON AND CHELSEA,GREATER LONDON,A,A
{4E95D757-A4BC-EDA1-E050-A8C0630539E2},660000,2017-04-13 00:00,W4 2AA,F,N,L,15,FLAT 1,DUKES AVENUE,,LONDON,HOUNSLOW,GREATER LONDON,A,A
{4E95D757-A4BD-EDA1-E050-A8C0630539E2},353000,2017-03-27 00:00,UB5 4HT,F,N,L,GRAHAM COURT,18,EASTCOTE LANE,,NORTHOLT,EALING,GREATER LONDON,B,A
{4E95D757-A4BE-EDA1-E050-A8C0630539E2},517000,2017-03-06 00:00,NW2 5UG,F,N,L,"AVENUE MANSIONS, 36 - 40",FLAT 4A,ST PAULS AVENUE,,LONDON,BRENT,GREATER LONDON,A,A
{4E95D757-A4BF-EDA1-E050-A8C0630539E2},3190000,2017-04-07 00:00,N20 8PN,D,N,F,25,,TOTTERIDGE VILLAGE,,LONDON,BARNET,GREATER LONDON,A,A
{4E95D757-A4C0-EDA1-E050-A8C0630539E2},774000,2017-04-25 00:00,NW2 6RG,S,N,F,157,,DOLLIS HILL AVENUE,,LONDON,BRENT,GREATER LONDON,A,A
{4E95D757-A4C1-EDA1-E050-A8C0630539E2},695000,2017-04-10 00:00,N13 4SA,T,N,F,30,,MOFFAT ROAD,,LONDON,ENFIELD,GREATER LONDON,A,A
{4E95D757-A4C2-EDA1-E050-A8C0630539E2},641000,2017-03-31 00:00,N22 5NP,S,N,F,35,,PELLATT GROVE,,LONDON,HARINGEY,GREATER LONDON,A,A
{4E95D757-A4C3-EDA1-E050-A8C0630539E2},655000,2017-03-30 00:00,NW7 2NX,S,N,F,49,,SALCOMBE GARDENS,,LONDON,BARNET,GREATER LONDON,A,A
{4E95D757-A4C4-EDA1-E050-A8C0630539E2},1275000,2017-04-13 00:00,NW5 3BT,T,N,F,29,,INKERMAN ROAD,,LONDON,CAMDEN,GREATER LONDON,A,A
{5CF9903B-D31D-7F13-E053-6C04A8C074B1},243000,2017-10-18 00:00,RM13 7QU,T,N,F,37,,CHERRY TREE CLOSE,,RAINHAM,HAVERING,GREATER LONDON,B,A
{5CF9903B-D31F-7F13-E053-6C04A8C074B1},360000,2017-09-27 00:00,RM3 0XS,S,N,F,42,,COURT AVENUE,,ROMFORD,HAVERING,GREATER LONDON,A,A
{5CF9903B-D32B-7F13-E053-6C04A8C074B1},405000,2017-10-24 00:00,RM5 2NX,S,N,F,18,,SHEILA ROAD,,ROMFORD,HAVERING,GREATER LONDON,A,A
{5CF9903B-D332-7F13-E053-6C04A8C074B1},363000,2017-10-06 00:00,RM5 3QT,S,N,F,108,,CLOCKHOUSE LANE,,ROMFORD,HAVERING,GREATER LONDON,A,A
{5CF9903B-D339-7F13-E053-6C04A8C074B1},383000,2017-09-13 00:00,RM6 6BS,T,N,F,18,,ALBANY ROAD,,ROMFORD,BARKING AND DAGENHAM,GREATER LONDON,A,A
